,labels,images,annotation_image_filename,classes_array,num_classes,classes_integer,classes_present_integer,classes_present_array,pen_width,CRF_theta,CRF_mu,CRF_downsample_factor,Classifier_downsample_factor,prob_of_unary_potential,doodle_spatial_density,num_of_scales,acc_georef,epsg,year,month,day,hour,minute,second,XMin,XMax,YMin,YMax,LonMin,LonMax,LatMin,LatMax,CRS,px_size_m,ImageHeightPx,ImageWidthPx,ImageBands
38,labels/chunk1_m_3512113_ne_10_1_20100823_multiband_ID3_label.jpg,images/chunk1_m_3512113_ne_10_1_20100823_multiband_ID3.jpg,npz/chunk1_m_3512113_ne_10_1_20100823_multiband_ID3.npz,"'water', 'surf', 'bare_ground', 'vegtated_ground', 'development', 'nodata'",6,"1, 2, 3, 4, 5","0, 1, 2, 3, 4","'water', 'surf', 'bare_ground', 'vegtated_ground', 'development'",3,1,1,4,8,3,0.097989093387866,3,6,26910,2014,6,13,12,0,0,427348,427576,5107712,5108328,-123.940285964601,-123.937429533636,46.1191164697577,46.1246840540874,"""NAD83 / UTM zone 10N""",1,616,228,3
39,labels/chunk1_m_3512113_ne_10_1_20120520_multiband_ID3_label.jpg,images/chunk1_m_3512113_ne_10_1_20120520_multiband_ID3.jpg,npz/chunk1_m_3512113_ne_10_1_20120520_multiband_ID3.npz,"'water', 'surf', 'bare_ground', 'vegtated_ground', 'development', 'nodata'",6,"1, 2, 3, 4, 5","0, 1, 2, 3, 4","'water', 'surf', 'bare_ground', 'vegtated_ground', 'development'",3,1,1,4,8,3,0.064125036517674,3,6,26918,2018,11,10,12,0,0,469707.2,470808.2,4195287.2,4196404.2,-75.3445846123681,-75.3321060395208,37.9046086472329,37.9147120402509,"""NAD83 / UTM zone 10N""",1,1117,1101,3
42,labels/chunk1_m_3512113_ne_10_h_20160625_multiband_ID3_label.jpg,images/chunk1_m_3512113_ne_10_h_20160625_multiband_ID3.jpg,npz/chunk1_m_3512113_ne_10_h_20160625_multiband_ID3.npz,"'water', 'surf', 'bare_ground', 'vegtated_ground', 'development', 'nodata'",6,"1, 2, 3, 4, 5","0, 1, 2, 3, 4","'water', 'surf', 'bare_ground', 'vegtated_ground', 'development'",3,1,1,4,8,3,0.083235952867854,3,6,26918,2018,8,15,12,0,0,485665.2,486570.2,4224753.4,4226029.4,-75.1636512138495,-75.1533435421139,38.1705732188835,38.1820872352449,"""NAD83 / UTM zone 10N""",1,1276,905,3
46,labels/chunk1_m_3612160_nw_10_1_20100823_multiband_ID3_label.jpg,images/chunk1_m_3612160_nw_10_1_20100823_multiband_ID3.jpg,npz/chunk1_m_3612160_nw_10_1_20100823_multiband_ID3.npz,"'water', 'surf', 'bare_ground', 'vegtated_ground', 'development', 'nodata'",6,"1, 2, 3, 4, 5","0, 1, 2, 3, 4","'water', 'surf', 'bare_ground', 'vegtated_ground', 'development'",3,1,1,4,8,3,0.068117737525632,3,6,26916,2016,9,3,12,0,0,476587,477926,4603769.4,4604648.4,-87.2808889260596,-87.2648572901747,41.5852737071568,41.5932291738449,"""NAD83 / UTM zone 19N""",1,879,1339,3
47,labels/chunk1_m_3612160_nw_10_1_20120520_multiband_ID3_label.jpg,images/chunk1_m_3612160_nw_10_1_20120520_multiband_ID3.jpg,npz/chunk1_m_3612160_nw_10_1_20120520_multiband_ID3.npz,"'water', 'surf', 'bare_ground', 'vegtated_ground', 'development', 'nodata'",6,"1, 2, 3, 4, 5","0, 1, 2, 3","'water', 'surf', 'bare_ground', 'vegtated_ground'",3,1,1,4,8,3,0.073607313738892,3,6,26918,2018,7,25,12,0,0,582711,583742,4471873,4474223,-74.025422300083,-74.0129666268417,40.3933537498165,40.4144191400747,"""NAD83 / UTM zone 19N""",1,2350,1031,3
48,labels/chunk1_m_3612160_nw_10_1_20140613_multiband_ID3_label.jpg,images/chunk1_m_3612160_nw_10_1_20140613_multiband_ID3.jpg,npz/chunk1_m_3612160_nw_10_1_20140613_multiband_ID3.npz,"'water', 'surf', 'bare_ground', 'vegtated_ground', 'development', 'nodata'",6,"1, 2, 3, 4, 5","0, 1, 2, 3, 4","'water', 'surf', 'bare_ground', 'vegtated_ground', 'development'",3,1,1,4,8,3,0.071385850991114,3,6,26910,2014,6,22,12,0,0,427348,427681,5107159,5108328,-123.940201319535,-123.93607063645,46.1141400524489,46.1246951910195,"""NAD83 / UTM zone 19N""",1,1169,333,3
83,labels/chunk10_m_3512113_ne_10_1_20100823_multiband_ID3_label.jpg,images/chunk10_m_3512113_ne_10_1_20100823_multiband_ID3.jpg,npz/chunk10_m_3512113_ne_10_1_20100823_multiband_ID3.npz,"'water', 'surf', 'bare_ground', 'vegtated_ground', 'development', 'nodata'",6,"1, 2, 3, 4, 5","2, 3, 4","'bare_ground', 'vegtated_ground', 'development'",2,1,1,3,8,3,0.080766972402761,3,6,26911,2012,5,5,12,0,0,275371,276115,3804116,3804810,-119.442332796277,-119.43443082241,34.3540489431932,34.3604631261305,"""NAD83 / UTM zone 10N""",1,694,744,3
84,labels/chunk10_m_3512113_nw_10_1_20140613_multiband_ID3_label.jpg,images/chunk10_m_3512113_nw_10_1_20140613_multiband_ID3.jpg,npz/chunk10_m_3512113_nw_10_1_20140613_multiband_ID3.npz,"'water', 'surf', 'bare_ground', 'vegtated_ground', 'development', 'nodata'",6,"1, 2, 3, 4, 5","3, 4, 5","'vegtated_ground', 'development', 'nodata'",3,1,1,3,8,3,0.1114053736662,3,6,26911,2014,6,2,12,0,0,275371,276115,3804116,3804810,-119.442332796277,-119.43443082241,34.3540489431932,34.3604631261305,"""NAD83 / UTM zone 10N""",1,694,744,3
90,labels/chunk10_m_3612159_ne_10_060_20180804_20190208_multiband_ID3_label.jpg,images/chunk10_m_3612159_ne_10_060_20180804_20190208_multiband_ID3.jpg,npz/chunk10_m_3612159_ne_10_060_20180804_20190208_multiband_ID3.npz,"'water', 'surf', 'bare_ground', 'vegtated_ground', 'development', 'nodata'",6,"1, 2, 3, 4, 5","0, 1, 2, 3, 4, 5","'water', 'surf', 'bare_ground', 'vegtated_ground', 'development', 'nodata'",3,1,1,5,8,3,0.133992652084757,3,6,26911,2010,6,19,12,0,0,296410,297464,3779821,3780962,-119.20801087148,-119.196853516563,34.1394563076334,34.1499440690231,"""NAD83 / UTM zone 19N""",1,1141,1054,3
91,labels/chunk10_m_3612159_ne_10_1_20120520_multiband_ID3_label.jpg,images/chunk10_m_3612159_ne_10_1_20120520_multiband_ID3.jpg,npz/chunk10_m_3612159_ne_10_1_20120520_multiband_ID3.npz,"'water', 'surf', 'bare_ground', 'vegtated_ground', 'development', 'nodata'",6,"1, 2, 3, 4, 5","0, 1, 2","'water', 'surf', 'bare_ground'",3,1,1,4,8,3,0.020868933697881,3,6,26911,2012,5,6,12,0,0,296410,297464,3779821,3780962,-119.20801087148,-119.196853516563,34.1394563076334,34.1499440690231,"""NAD83 / UTM zone 19N""",1,1141,1054,3
92,labels/chunk10_m_3612159_ne_10_1_20140613_multiband_ID3_label.jpg,images/chunk10_m_3612159_ne_10_1_20140613_multiband_ID3.jpg,npz/chunk10_m_3612159_ne_10_1_20140613_multiband_ID3.npz,"'water', 'surf', 'bare_ground', 'vegtated_ground', 'development', 'nodata'",6,"1, 2, 3, 4, 5","0, 1, 2, 3","'water', 'surf', 'bare_ground', 'vegtated_ground'",3,1,1,4,8,3,0.044827979038505,3,6,26911,2018,7,24,12,0,0,308921,309490,3773766,3774228,-119.071073696001,-119.065011063764,34.0872484464958,34.0915161975921,"""NAD83 / UTM zone 19N""",1,462,569,3
93,labels/chunk10_m_3612159_ne_10_h_20160710_multiband_ID3_label.jpg,images/chunk10_m_3612159_ne_10_h_20160710_multiband_ID3.jpg,npz/chunk10_m_3612159_ne_10_h_20160710_multiband_ID3.npz,"'water', 'surf', 'bare_ground', 'vegtated_ground', 'development', 'nodata'",6,"1, 2, 3, 4, 5","0, 1, 2, 3, 4, 5","'water', 'surf', 'bare_ground', 'vegtated_ground', 'development', 'nodata'",3,1,1,5,8,3,0.124494474823422,3,6,26911,2010,6,18,12,0,0,308921,309490,3773766,3774228,-119.071073696001,-119.065011063764,34.0872484464958,34.0915161975921,"""NAD83 / UTM zone 19N""",1,462,569,3
94,labels/chunk10_m_3612160_nw_10_1_20100823_multiband_ID3_label.jpg,images/chunk10_m_3612160_nw_10_1_20100823_multiband_ID3.jpg,npz/chunk10_m_3612160_nw_10_1_20100823_multiband_ID3.npz,"'water', 'surf', 'bare_ground', 'vegtated_ground', 'development', 'nodata'",6,"1, 2, 3, 4, 5","0, 1, 2, 3","'water', 'surf', 'bare_ground', 'vegtated_ground'",3,1,1,5,8,3,0.087370414673046,3,6,26911,2016,7,19,12,0,0,308921,309490,3773766,3774228,-119.071073696001,-119.065011063764,34.0872484464958,34.0915161975921,"""NAD83 / UTM zone 10N""",1,462,569,3
95,labels/chunk10_m_3612160_nw_10_1_20120520_multiband_ID3_label.jpg,images/chunk10_m_3612160_nw_10_1_20120520_multiband_ID3.jpg,npz/chunk10_m_3612160_nw_10_1_20120520_multiband_ID3.npz,"'water', 'surf', 'bare_ground', 'vegtated_ground', 'development', 'nodata'",6,"1, 2, 3, 4, 5","0, 1, 2, 3","'water', 'surf', 'bare_ground', 'vegtated_ground'",3,1,1,5,8,3,0.072005297334244,3,6,26918,2010,7,3,12,0,0,445838,446764,3973839,3974863,-75.6002430856045,-75.590049855536,35.9073528479297,35.9166356762005,"""NAD83 / UTM zone 10N""",1,1024,926,3
128,labels/chunk11_m_3512113_ne_10_1_20100823_multiband_ID3_label.jpg,images/chunk11_m_3512113_ne_10_1_20100823_multiband_ID3.jpg,npz/chunk11_m_3512113_ne_10_1_20100823_multiband_ID3.npz,"'water', 'surf', 'bare_ground', 'vegtated_ground', 'development', 'nodata'",6,"1, 2, 3, 4, 5",3,'vegtated_ground',3,1,1,3,8,3,0.006114721901638,3,6,26910,2018,7,24,12,0,0,427369,428113,5101547,5102242,-123.939072098553,-123.929558929748,46.063639943728,46.0699729091257,"""NAD83 / UTM zone 10N""",1,695,744,3
129,labels/chunk11_m_3512113_ne_10_1_20120520_multiband_ID3_label.jpg,images/chunk11_m_3512113_ne_10_1_20120520_multiband_ID3.jpg,npz/chunk11_m_3512113_ne_10_1_20120520_multiband_ID3.npz,"'water', 'surf', 'bare_ground', 'vegtated_ground', 'development', 'nodata'",6,"1, 2, 3, 4, 5",3,'vegtated_ground',3,1,1,3,8,3,0.007029905444532,3,6,26910,2018,7,24,12,0,0,427369,428113,5101547,5102242,-123.939072098553,-123.929558929748,46.063639943728,46.0699729091257,"""NAD83 / UTM zone 10N""",1,695,744,3
130,labels/chunk11_m_3512113_ne_10_h_20160625_multiband_ID3_label.jpg,images/chunk11_m_3512113_ne_10_h_20160625_multiband_ID3.jpg,npz/chunk11_m_3512113_ne_10_h_20160625_multiband_ID3.npz,"'water', 'surf', 'bare_ground', 'vegtated_ground', 'development', 'nodata'",6,"1, 2, 3, 4, 5",3,'vegtated_ground',3,1,1,4,8,3,0.003871307376136,3,6,26911,2010,6,19,12,0,0,290319,291126,3792186,3793620,-119.277019610901,-119.268609110523,34.2496780251698,34.2627628777213,"""NAD83 / UTM zone 10N""",1,1434,807,3
139,labels/chunk11_m_3612159_ne_10_1_20100823_multiband_ID3_label.jpg,images/chunk11_m_3612159_ne_10_1_20100823_multiband_ID3.jpg,npz/chunk11_m_3612159_ne_10_1_20100823_multiband_ID3.npz,"'water', 'surf', 'bare_ground', 'vegtated_ground', 'development', 'nodata'",6,"1, 2, 3, 4, 5","0, 1, 2, 3, 4, 5","'water', 'surf', 'bare_ground', 'vegtated_ground', 'development', 'nodata'",3,1,1,4,8,3,0.172348484848484,3,6,26911,2014,9,1,12,0,0,307823,308391,3774687,3775149,-119.083171258075,-119.077119543393,34.0953480950351,34.0996162540055,"""NAD83 / UTM zone 16N""",1,462,568,3
140,labels/chunk11_m_3612159_ne_10_1_20120520_multiband_ID3_label.jpg,images/chunk11_m_3612159_ne_10_1_20120520_multiband_ID3.jpg,npz/chunk11_m_3612159_ne_10_1_20120520_multiband_ID3.npz,"'water', 'surf', 'bare_ground', 'vegtated_ground', 'development', 'nodata'",6,"1, 2, 3, 4, 5","0, 1, 2, 3, 4, 5","'water', 'surf', 'bare_ground', 'vegtated_ground', 'development', 'nodata'",3,1,1,4,8,3,0.16770619731146,3,6,26911,2016,7,19,12,0,0,307823,308391,3774687,3775149,-119.083171258075,-119.077119543393,34.0953480950351,34.0996162540055,"""NAD83 / UTM zone 16N""",1,462,568,3
141,labels/chunk11_m_3612159_ne_10_1_20140613_multiband_ID3_label.jpg,images/chunk11_m_3612159_ne_10_1_20140613_multiband_ID3.jpg,npz/chunk11_m_3612159_ne_10_1_20140613_multiband_ID3.npz,"'water', 'surf', 'bare_ground', 'vegtated_ground', 'development', 'nodata'",6,"1, 2, 3, 4, 5","0, 1, 2, 3, 4, 5","'water', 'surf', 'bare_ground', 'vegtated_ground', 'development', 'nodata'",3,1,1,4,8,3,0.142401458190931,3,6,26910,2010,8,23,12,0,0,641077,641582,3970290,3970779,-121.437384443024,-121.431705912903,35.8666909070587,35.8710252674122,"""NAD83 / UTM zone 16N""",1,489,505,3
142,labels/chunk11_m_3612160_nw_10_060_20180804_20190208_multiband_ID3_label.jpg,images/chunk11_m_3612160_nw_10_060_20180804_20190208_multiband_ID3.jpg,npz/chunk11_m_3612160_nw_10_060_20180804_20190208_multiband_ID3.npz,"'water', 'surf', 'bare_ground', 'vegtated_ground', 'development', 'nodata'",6,"1, 2, 3, 4, 5","0, 1, 2, 3, 4","'water', 'surf', 'bare_ground', 'vegtated_ground', 'development'",3,1,1,4,8,3,0.160080599225336,3,6,26910,2014,6,13,12,0,0,427369,427874,5101753,5102242,-123.939103534106,-123.932648985027,46.0654937442416,46.0699477350364,"""NAD83 / UTM zone 10N""",1,489,505,3
143,labels/chunk11_m_3612160_nw_10_1_20100823_multiband_ID3_label.jpg,images/chunk11_m_3612160_nw_10_1_20100823_multiband_ID3.jpg,npz/chunk11_m_3612160_nw_10_1_20100823_multiband_ID3.npz,"'water', 'surf', 'bare_ground', 'vegtated_ground', 'development', 'nodata'",6,"1, 2, 3, 4, 5","0, 1, 2, 3, 4","'water', 'surf', 'bare_ground', 'vegtated_ground', 'development'",3,1,7,3,8,3,0.166616826156299,3,6,26918,2010,7,5,12,0,0,434449,435534,3993529,3995220,-75.7280814754236,-75.7161694211985,36.0841653798419,36.0994825184426,"""NAD83 / UTM zone 10N""",1,1691,1085,3
144,labels/chunk11_m_3612160_nw_10_1_20120520_multiband_ID3_label.jpg,images/chunk11_m_3612160_nw_10_1_20120520_multiband_ID3.jpg,npz/chunk11_m_3612160_nw_10_1_20120520_multiband_ID3.npz,"'water', 'surf', 'bare_ground', 'vegtated_ground', 'development', 'nodata'",6,"1, 2, 3, 4, 5","0, 1, 2, 3, 4","'water', 'surf', 'bare_ground', 'vegtated_ground', 'development'",3,1,7,3,8,3,0.152049156983367,3,6,26910,2010,5,29,12,0,0,606541,606739,4067722,4068469,-121.806520337583,-121.804198270405,36.7492643302337,36.7559746550869,"""NAD83 / UTM zone 10N""",1,747,198,3
145,labels/chunk11_m_3612160_nw_10_1_20140613_multiband_ID3_label.jpg,images/chunk11_m_3612160_nw_10_1_20140613_multiband_ID3.jpg,npz/chunk11_m_3612160_nw_10_1_20140613_multiband_ID3.npz,"'water', 'surf', 'bare_ground', 'vegtated_ground', 'development', 'nodata'",6,"1, 2, 3, 4, 5","0, 1, 2, 3, 4","'water', 'surf', 'bare_ground', 'vegtated_ground', 'development'",3,1,1,4,8,3,0.142280416951469,3,6,26910,2012,5,20,12,0,0,606541,606739,4067722,4068469,-121.806520337583,-121.804198270405,36.7492643302337,36.7559746550869,"""NAD83 / UTM zone 10N""",1,747,198,3
146,labels/chunk11_m_3612160_nw_10_h_20160710_multiband_ID3_label.jpg,images/chunk11_m_3612160_nw_10_h_20160710_multiband_ID3.jpg,npz/chunk11_m_3612160_nw_10_h_20160710_multiband_ID3.npz,"'water', 'surf', 'bare_ground', 'vegtated_ground', 'development', 'nodata'",6,"1, 2, 3, 4, 5","0, 1, 2, 3, 4","'water', 'surf', 'bare_ground', 'vegtated_ground', 'development'",3,1,1,4,8,3,0.142052574618364,3,6,26910,2010,5,29,12,0,0,595771,596083,4044130,4044441,-121.930091707612,-121.926567991716,36.5377692467034,36.5405411397606,"""NAD83 / UTM zone 10N""",1,311,312,3
172,labels/chunk12_m_3512113_ne_10_1_20100823_multiband_ID3_label.jpg,images/chunk12_m_3512113_ne_10_1_20100823_multiband_ID3.jpg,npz/chunk12_m_3512113_ne_10_1_20100823_multiband_ID3.npz,"'water', 'surf', 'bare_ground', 'vegtated_ground', 'development', 'nodata'",6,"1, 2, 3, 4, 5",3,'vegtated_ground',3,1,1,4,8,3,0.006479175524914,3,6,26910,2017,8,22,12,0,0,457704,457997,5332569,5332850,-123.568600474301,-123.564689498944,48.1449649230245,48.1475123626035,"""NAD83 / UTM zone 10N""",1,281,293,3
173,labels/chunk12_m_3512113_ne_10_1_20120520_multiband_ID3_label.jpg,images/chunk12_m_3512113_ne_10_1_20120520_multiband_ID3.jpg,npz/chunk12_m_3512113_ne_10_1_20120520_multiband_ID3.npz,"'water', 'surf', 'bare_ground', 'vegtated_ground', 'development', 'nodata'",6,"1, 2, 3, 4, 5",3,'vegtated_ground',3,1,1,4,8,3,0.007718317844054,3,6,26910,2017,8,22,12,0,0,457704,457997,5332569,5332850,-123.568600474301,-123.564689498944,48.1449649230245,48.1475123626035,"""NAD83 / UTM zone 10N""",1,281,293,3
174,labels/chunk12_m_3512113_ne_10_1_20140613_multiband_ID3_label.jpg,images/chunk12_m_3512113_ne_10_1_20140613_multiband_ID3.jpg,npz/chunk12_m_3512113_ne_10_1_20140613_multiband_ID3.npz,"'water', 'surf', 'bare_ground', 'vegtated_ground', 'development', 'nodata'",6,"1, 2, 3, 4, 5",3,'vegtated_ground',3,1,1,4,8,3,0.003689080564498,3,6,26917,2019,11,20,12,0,0,589860,591337,2983345,2984747,-80.0945608615815,-80.0795770462862,26.9691919816665,26.9817521241716,"""NAD83 / UTM zone 10N""",1,1402,1477,3
175,labels/chunk12_m_3512113_ne_10_h_20160625_multiband_ID3_label.jpg,images/chunk12_m_3512113_ne_10_h_20160625_multiband_ID3.jpg,npz/chunk12_m_3512113_ne_10_h_20160625_multiband_ID3.npz,"'water', 'surf', 'bare_ground', 'vegtated_ground', 'development', 'nodata'",6,"1, 2, 3, 4, 5",3,'vegtated_ground',3,1,7,3,8,3,0.004790540403733,3,6,26917,2019,11,20,12,0,0,589860,591337,2983345,2984747,-80.0945608615815,-80.0795770462862,26.9691919816665,26.9817521241716,"""NAD83 / UTM zone 10N""",1,1402,1477,3
178,labels/chunk12_m_3612160_nw_10_1_20100823_multiband_ID3_label.jpg,images/chunk12_m_3612160_nw_10_1_20100823_multiband_ID3.jpg,npz/chunk12_m_3612160_nw_10_1_20100823_multiband_ID3.npz,"'water', 'surf', 'bare_ground', 'vegtated_ground', 'development', 'nodata'",6,"1, 2, 3, 4, 5",3,'vegtated_ground',3,1,7,3,8,3,0.115418627870489,3,6,26911,2010,5,3,12,0,0,475788,476823,3623634,3625558,-117.258459209434,-117.247458840359,32.7502885022223,32.7676665145503,"""NAD83 / UTM zone 11N""",1,1924,1035,3
198,labels/chunk13_m_3512105_se_10_1_20100531_multiband_ID3_label.jpg,images/chunk13_m_3512105_se_10_1_20100531_multiband_ID3.jpg,npz/chunk13_m_3512105_se_10_1_20100531_multiband_ID3.npz,"'water', 'surf', 'bare_ground', 'vegtated_ground', 'development', 'nodata'",6,"1, 2, 3, 4, 5","2, 3, 4, 5","'bare_ground', 'vegtated_ground', 'development', 'nodata'",3,1,7,3,8,3,0.109792417307754,3,6,26916,2012,5,20,12,0,0,473913,474141,4603167.4,4603783.4,-87.3129426479797,-87.3102341281868,41.5797685314395,41.5853243735138,"""NAD83 / UTM zone 10N""",1,616,228,3
199,labels/chunk13_m_3512105_se_10_1_20120520_multiband_ID3_label.jpg,images/chunk13_m_3512105_se_10_1_20120520_multiband_ID3.jpg,npz/chunk13_m_3512105_se_10_1_20120520_multiband_ID3.npz,"'water', 'surf', 'bare_ground', 'vegtated_ground', 'development', 'nodata'",6,"1, 2, 3, 4, 5","3, 4, 5","'vegtated_ground', 'development', 'nodata'",3,1,1,3,8,3,0.092503327165903,3,6,26916,2014,6,13,12,0,0,473913,474141,4603167.4,4603783.4,-87.3129426479797,-87.3102341281868,41.5797685314395,41.5853243735138,"""NAD83 / UTM zone 10N""",1,616,228,3
200,labels/chunk13_m_3512105_sw_10_1_20100823_multiband_ID3_label.jpg,images/chunk13_m_3512105_sw_10_1_20100823_multiband_ID3.jpg,npz/chunk13_m_3512105_sw_10_1_20100823_multiband_ID3.npz,"'water', 'surf', 'bare_ground', 'vegtated_ground', 'development', 'nodata'",6,"1, 2, 3, 4, 5","2, 3, 4, 5","'bare_ground', 'vegtated_ground', 'development', 'nodata'",3,1,1,3,8,3,0.102732333560554,3,6,26910,2018,8,4,12,0,0,427015,427243,5106552,5107168,-123.944416823754,-123.941561335059,46.108642168533,46.1142098588953,"""NAD83 / UTM zone 18N""",1,616,228,3
201,labels/chunk13_m_3512105_sw_10_1_20140613_multiband_ID3_label.jpg,images/chunk13_m_3512105_sw_10_1_20140613_multiband_ID3.jpg,npz/chunk13_m_3512105_sw_10_1_20140613_multiband_ID3.npz,"'water', 'surf', 'bare_ground', 'vegtated_ground', 'development', 'nodata'",6,"1, 2, 3, 4, 5","2, 3, 4, 5","'bare_ground', 'vegtated_ground', 'development', 'nodata'",3,1,1,3,8,3,0.118345668192293,3,6,26910,2010,8,23,12,0,0,427015,427243,5106552,5107168,-123.944416823754,-123.941561335059,46.108642168533,46.1142098588953,"""NAD83 / UTM zone 18N""",1,616,228,3
202,labels/chunk13_m_3512105_sw_10_h_20160625_multiband_ID3_label.jpg,images/chunk13_m_3512105_sw_10_h_20160625_multiband_ID3.jpg,npz/chunk13_m_3512105_sw_10_h_20160625_multiband_ID3.npz,"'water', 'surf', 'bare_ground', 'vegtated_ground', 'development', 'nodata'",6,"1, 2, 3, 4, 5","3, 4, 5","'vegtated_ground', 'development', 'nodata'",3,1,1,3,8,3,0.112068685688317,3,6,26910,2012,5,20,12,0,0,427015,427243,5106552,5107168,-123.944416823754,-123.941561335059,46.108642168533,46.1142098588953,"""NAD83 / UTM zone 18N""",1,616,228,3
203,labels/chunk13_m_3512113_ne_10_1_20100823_multiband_ID3_label.jpg,images/chunk13_m_3512113_ne_10_1_20100823_multiband_ID3.jpg,npz/chunk13_m_3512113_ne_10_1_20100823_multiband_ID3.npz,"'water', 'surf', 'bare_ground', 'vegtated_ground', 'development', 'nodata'",6,"1, 2, 3, 4, 5","3, 4, 5","'vegtated_ground', 'development', 'nodata'",3,1,1,3,8,3,0.121818904794364,3,6,26910,2014,6,13,12,0,0,427015,427243,5106552,5107168,-123.944416823754,-123.941561335059,46.108642168533,46.1142098588953,"""NAD83 / UTM zone 19N""",1,616,228,3
204,labels/chunk13_m_3512113_ne_10_1_20120520_multiband_ID3_label.jpg,images/chunk13_m_3512113_ne_10_1_20120520_multiband_ID3.jpg,npz/chunk13_m_3512113_ne_10_1_20120520_multiband_ID3.npz,"'water', 'surf', 'bare_ground', 'vegtated_ground', 'development', 'nodata'",6,"1, 2, 3, 4, 5","3, 4, 5","'vegtated_ground', 'development', 'nodata'",2,1,1,3,8,3,0.081933489142078,3,6,26910,2016,7,10,12,0,0,427015,427243,5106552,5107168,-123.944416823754,-123.941561335059,46.108642168533,46.1142098588953,"""NAD83 / UTM zone 19N""",1,616,228,3
205,labels/chunk13_m_3512113_nw_10_1_20100823_multiband_ID3_label.jpg,images/chunk13_m_3512113_nw_10_1_20100823_multiband_ID3.jpg,npz/chunk13_m_3512113_nw_10_1_20100823_multiband_ID3.npz,"'water', 'surf', 'bare_ground', 'vegtated_ground', 'development', 'nodata'",6,"1, 2, 3, 4, 5","2, 3, 4","'bare_ground', 'vegtated_ground', 'development'",3,1,1,3,8,3,0.122804882007336,3,6,26910,2016,6,25,12,0,0,543699,543830,4174241,4174608,-122.504192537852,-122.502684157475,37.7143771043238,37.7176786140512,"""NAD83 / UTM zone 10N""",1,367,131,3
206,labels/chunk13_m_3612159_ne_10_060_20180804_20190208_multiband_ID3_label.jpg,images/chunk13_m_3612159_ne_10_060_20180804_20190208_multiband_ID3.jpg,npz/chunk13_m_3612159_ne_10_060_20180804_20190208_multiband_ID3.npz,"'water', 'surf', 'bare_ground', 'vegtated_ground', 'development', 'nodata'",6,"1, 2, 3, 4, 5","0, 1, 2, 3","'water', 'surf', 'bare_ground', 'vegtated_ground'",3,1,1,4,8,3,0.034582194121667,3,6,26910,2016,6,25,12,0,0,543699,543830,4174241,4174608,-122.504192537852,-122.502684157475,37.7143771043238,37.7176786140512,"""NAD83 / UTM zone 19N""",1,367,131,3
207,labels/chunk13_m_3612159_ne_10_1_20120520_multiband_ID3_label.jpg,images/chunk13_m_3612159_ne_10_1_20120520_multiband_ID3.jpg,npz/chunk13_m_3612159_ne_10_1_20120520_multiband_ID3.npz,"'water', 'surf', 'bare_ground', 'vegtated_ground', 'development', 'nodata'",6,"1, 2, 3, 4, 5","0, 1, 2, 3, 4","'water', 'surf', 'bare_ground', 'vegtated_ground', 'development'",3,1,1,4,8,3,0.058270676691729,3,6,26910,2014,6,13,12,0,0,559148,559580,4108507,4109065,-122.334184218118,-122.329277215797,37.1210374870456,37.1260396791475,"""NAD83 / UTM zone 19N""",1,558,432,3
208,labels/chunk13_m_3612159_ne_10_1_20140613_multiband_ID3_label.jpg,images/chunk13_m_3612159_ne_10_1_20140613_multiband_ID3.jpg,npz/chunk13_m_3612159_ne_10_1_20140613_multiband_ID3.npz,"'water', 'surf', 'bare_ground', 'vegtated_ground', 'development', 'nodata'",6,"1, 2, 3, 4, 5","0, 1, 2, 3","'water', 'surf', 'bare_ground', 'vegtated_ground'",3,1,1,4,8,3,0.11226930963773,3,6,26918,2018,8,15,12,0,0,487962,488852,4232219,4233583,-75.137556749869,-75.1274083075406,38.2378909991419,38.2501955307386,"""NAD83 / UTM zone 19N""",1,1364,890,3
209,labels/chunk13_m_3612159_ne_10_h_20160710_multiband_ID3_label.jpg,images/chunk13_m_3612159_ne_10_h_20160710_multiband_ID3.jpg,npz/chunk13_m_3612159_ne_10_h_20160710_multiband_ID3.npz,"'water', 'surf', 'bare_ground', 'vegtated_ground', 'development', 'nodata'",6,"1, 2, 3, 4, 5","0, 1, 2, 3","'water', 'surf', 'bare_ground', 'vegtated_ground'",3,1,1,5,8,3,0.115017657780815,3,6,26918,2017,7,31,12,0,0,561624,562563,4374074,4375082,-74.2831257532052,-74.2721083609627,39.5140942878175,39.5231083226603,"""NAD83 / UTM zone 19N""",1,1008,939,3
210,labels/chunk13_m_3612160_nw_10_1_20100823_multiband_ID3_label.jpg,images/chunk13_m_3612160_nw_10_1_20100823_multiband_ID3.jpg,npz/chunk13_m_3612160_nw_10_1_20100823_multiband_ID3.npz,"'water', 'surf', 'bare_ground', 'vegtated_ground', 'development', 'nodata'",6,"1, 2, 3, 4, 5","0, 1, 2, 3","'water', 'surf', 'bare_ground', 'vegtated_ground'",3,1,1,5,8,3,0.113743164730006,3,6,26918,2013,6,21,12,0,0,680344,681609,4511393,4512118,-72.8642859532879,-72.84910497881,40.7337289003175,40.7399774627674,"""NAD83 / UTM zone 10N""",1,725,1265,3
211,labels/chunk13_m_3612160_nw_10_1_20120520_multiband_ID3_label.jpg,images/chunk13_m_3612160_nw_10_1_20120520_multiband_ID3.jpg,npz/chunk13_m_3612160_nw_10_1_20120520_multiband_ID3.npz,"'water', 'surf', 'bare_ground', 'vegtated_ground', 'development', 'nodata'",6,"1, 2, 3, 4, 5","0, 1, 2, 3","'water', 'surf', 'bare_ground', 'vegtated_ground'",3,1,1,5,8,3,0.104465709728867,3,6,26918,2013,6,22,12,0,0,645162,646740,4498418,4498913,-73.2837269749133,-73.2649627437253,40.6238500212613,40.6280286216639,"""NAD83 / UTM zone 10N""",1,495,1578,3
236,labels/chunk14_m_3612159_ne_10_1_20100823_multiband_ID3_label.jpg,images/chunk14_m_3612159_ne_10_1_20100823_multiband_ID3.jpg,npz/chunk14_m_3612159_ne_10_1_20100823_multiband_ID3.npz,"'water', 'surf', 'bare_ground', 'vegtated_ground', 'development', 'nodata'",6,"1, 2, 3, 4, 5","0, 1, 2, 3, 4","'water', 'surf', 'bare_ground', 'vegtated_ground', 'development'",3,1,1,4,8,3,0.078584244702665,3,6,26911,2010,8,23,12,0,0,293603,293831,3787578,3788193,-119.240280950656,-119.237954423507,34.2088093559857,34.2143967222991,"""NAD83 / UTM zone 10N""",1,615,228,3
237,labels/chunk14_m_3612159_ne_10_1_20140613_multiband_ID3_label.jpg,images/chunk14_m_3612159_ne_10_1_20140613_multiband_ID3.jpg,npz/chunk14_m_3612159_ne_10_1_20140613_multiband_ID3.npz,"'water', 'surf', 'bare_ground', 'vegtated_ground', 'development', 'nodata'",6,"1, 2, 3, 4, 5","0, 1, 2, 3, 4","'water', 'surf', 'bare_ground', 'vegtated_ground', 'development'",3,1,1,4,8,3,0.066501480975165,3,6,26918,2016,6,26,12,0,0,473661,474585,4200098,4201138,-75.2997862123858,-75.2893062793324,37.9480909297146,37.9574906271992,"""NAD83 / UTM zone 10N""",1,1040,924,3
255,labels/chunk15_m_3512113_ne_10_1_20120520_multiband_ID3_label.jpg,images/chunk15_m_3512113_ne_10_1_20120520_multiband_ID3.jpg,npz/chunk15_m_3512113_ne_10_1_20120520_multiband_ID3.npz,"'water', 'surf', 'bare_ground', 'vegtated_ground', 'development', 'nodata'",6,"1, 2, 3, 4, 5",3,'vegtated_ground',3,1,1,3,8,3,0.006462977586102,3,6,26911,2014,9,1,12,0,0,307274,307798,3775050,3775610,-119.089199292473,-119.083646057311,34.0985186921072,34.1036623079923,"""NAD83 / UTM zone 10N""",1,560,524,3
256,labels/chunk15_m_3512113_ne_10_1_20140613_multiband_ID3_label.jpg,images/chunk15_m_3512113_ne_10_1_20140613_multiband_ID3.jpg,npz/chunk15_m_3512113_ne_10_1_20140613_multiband_ID3.npz,"'water', 'surf', 'bare_ground', 'vegtated_ground', 'development', 'nodata'",6,"1, 2, 3, 4, 5","2, 3","'bare_ground', 'vegtated_ground'",3,1,1,3,8,3,0.076636498005628,3,6,26910,2010,5,31,12,0,0,460854,461358,5331166,5331655,-123.526126821642,-123.519397661618,48.132544389914,48.136974537589,"""NAD83 / UTM zone 10N""",1,489,504,3
257,labels/chunk15_m_3512113_ne_10_h_20160625_multiband_ID3_label.jpg,images/chunk15_m_3512113_ne_10_h_20160625_multiband_ID3.jpg,npz/chunk15_m_3512113_ne_10_h_20160625_multiband_ID3.npz,"'water', 'surf', 'bare_ground', 'vegtated_ground', 'development', 'nodata'",6,"1, 2, 3, 4, 5",3,'vegtated_ground',3,1,1,4,8,3,0.00535341877746,3,6,26910,2012,5,20,12,0,0,460854,461358,5331166,5331655,-123.526126821642,-123.519397661618,48.132544389914,48.136974537589,"""NAD83 / UTM zone 10N""",1,489,504,3
263,labels/chunk15_m_3612160_nw_10_060_20180804_20190208_multiband_ID3_label.jpg,images/chunk15_m_3612160_nw_10_060_20180804_20190208_multiband_ID3.jpg,npz/chunk15_m_3612160_nw_10_060_20180804_20190208_multiband_ID3.npz,"'water', 'surf', 'bare_ground', 'vegtated_ground', 'development', 'nodata'",6,"1, 2, 3, 4, 5","2, 3, 4","'bare_ground', 'vegtated_ground', 'development'",3,1,1,4,8,3,0.115758145363408,3,6,26910,2010,8,23,12,0,0,640574,641078,3970762,3971251,-121.442870744124,-121.437203259267,35.871017279396,35.875352040045,"""NAD83 / UTM zone 10N""",1,489,504,3
264,labels/chunk15_m_3612160_nw_10_1_20120520_multiband_ID3_label.jpg,images/chunk15_m_3612160_nw_10_1_20120520_multiband_ID3.jpg,npz/chunk15_m_3612160_nw_10_1_20120520_multiband_ID3.npz,"'water', 'surf', 'bare_ground', 'vegtated_ground', 'development', 'nodata'",6,"1, 2, 3, 4, 5",2,'bare_ground',2,1,1,4,8,3,0.085803998632946,3,6,26919,2018,8,4,12,0,0,387582.8,387810.8,4816389.2,4817005.2,-70.390347605603,-70.3876555608396,43.491976894126,43.4975561681047,"""NAD83 / UTM zone 10N""",1,616,228,3
265,labels/chunk15_m_3612160_nw_10_1_20140613_multiband_ID3_label.jpg,images/chunk15_m_3612160_nw_10_1_20140613_multiband_ID3.jpg,npz/chunk15_m_3612160_nw_10_1_20140613_multiband_ID3.npz,"'water', 'surf', 'bare_ground', 'vegtated_ground', 'development', 'nodata'",6,"1, 2, 3, 4, 5","2, 3","'bare_ground', 'vegtated_ground'",3,1,1,4,8,3,0.143334187742082,3,6,26919,2012,5,20,12,0,0,387582.8,387810.8,4816389.2,4817005.2,-70.390347605603,-70.3876555608396,43.491976894126,43.4975561681047,"""NAD83 / UTM zone 10N""",1,616,228,3
266,labels/chunk15_m_3612160_nw_10_h_20160710_multiband_ID3_label.jpg,images/chunk15_m_3612160_nw_10_h_20160710_multiband_ID3.jpg,npz/chunk15_m_3612160_nw_10_h_20160710_multiband_ID3.npz,"'water', 'surf', 'bare_ground', 'vegtated_ground', 'development', 'nodata'",6,"1, 2, 3, 4, 5","2, 3, 4","'bare_ground', 'vegtated_ground', 'development'",2,1,1,4,8,3,0.073457792207792,3,6,26919,2014,6,13,12,0,0,387582.8,387810.8,4816389.2,4817005.2,-70.390347605603,-70.3876555608396,43.491976894126,43.4975561681047,"""NAD83 / UTM zone 10N""",1,616,228,3
281,labels/chunk16_m_3512105_se_10_1_20100531_multiband_ID3_label.jpg,images/chunk16_m_3512105_se_10_1_20100531_multiband_ID3.jpg,npz/chunk16_m_3512105_se_10_1_20100531_multiband_ID3.npz,"'water', 'surf', 'bare_ground', 'vegtated_ground', 'development', 'nodata'",6,"1, 2, 3, 4, 5","2, 3, 4, 5","'bare_ground', 'vegtated_ground', 'development', 'nodata'",3,1,7,3,8,3,0.108356111684788,3,6,26910,2015,8,11,12,0,0,460449,460527,5332043,5332180,-123.531651279415,-123.530615538871,48.140409349264,48.1416467255511,"""NAD83 / UTM zone 18N""",1,137,78,3
282,labels/chunk16_m_3512113_ne_10_1_20120520_multiband_ID3_label.jpg,images/chunk16_m_3512113_ne_10_1_20120520_multiband_ID3.jpg,npz/chunk16_m_3512113_ne_10_1_20120520_multiband_ID3.npz,"'water', 'surf', 'bare_ground', 'vegtated_ground', 'development', 'nodata'",6,"1, 2, 3, 4, 5",3,'vegtated_ground',3,1,1,3,8,3,0.005126647634088,3,6,26917,2013,8,10,12,0,0,588385,589861,2984725,2986126,-80.1093236123237,-80.0943498311138,26.9817446300036,26.9942973567665,"""NAD83 / UTM zone 10N""",1,1401,1476,3
283,labels/chunk16_m_3512113_ne_10_h_20160625_multiband_ID3_label.jpg,images/chunk16_m_3512113_ne_10_h_20160625_multiband_ID3.jpg,npz/chunk16_m_3512113_ne_10_h_20160625_multiband_ID3.npz,"'water', 'surf', 'bare_ground', 'vegtated_ground', 'development', 'nodata'",6,"1, 2, 3, 4, 5",3,'vegtated_ground',3,1,7,3,8,3,0.005693575492518,3,6,26917,2010,10,3,12,0,0,516313,517655,3200396,3202180,-80.8326258170348,-80.81882871466,28.9313919726354,28.9474765434944,"""NAD83 / UTM zone 10N""",1,1784,1342,3
285,labels/chunk16_m_3612160_nw_10_060_20180804_20190208_multiband_ID3_label.jpg,images/chunk16_m_3612160_nw_10_060_20180804_20190208_multiband_ID3.jpg,npz/chunk16_m_3612160_nw_10_060_20180804_20190208_multiband_ID3.npz,"'water', 'surf', 'bare_ground', 'vegtated_ground', 'development', 'nodata'",6,"1, 2, 3, 4, 5","2, 3","'bare_ground', 'vegtated_ground'",3,1,7,3,8,3,0.104714912280701,3,6,26911,2016,8,9,12,0,0,473526,474720,3631511,3633114,-117.282830214498,-117.270118225294,32.8212914715952,32.8357795418419,"""NAD83 / UTM zone 10N""",1,1603,1194,3
286,labels/chunk16_m_3612160_nw_10_1_20100823_multiband_ID3_label.jpg,images/chunk16_m_3612160_nw_10_1_20100823_multiband_ID3.jpg,npz/chunk16_m_3612160_nw_10_1_20100823_multiband_ID3.npz,"'water', 'surf', 'bare_ground', 'vegtated_ground', 'development', 'nodata'",6,"1, 2, 3, 4, 5",3,'vegtated_ground',3,1,7,3,8,3,0.011413476874003,3,6,26910,2018,10,13,12,0,0,457706,458365,5332266,5333129,-123.568543484214,-123.559769638742,48.1422391111345,48.150046591437,"""NAD83 / UTM zone 10N""",1,863,659,3
287,labels/chunk16_m_3612160_nw_10_1_20120520_multiband_ID3_label.jpg,images/chunk16_m_3612160_nw_10_1_20120520_multiband_ID3.jpg,npz/chunk16_m_3612160_nw_10_1_20120520_multiband_ID3.npz,"'water', 'surf', 'bare_ground', 'vegtated_ground', 'development', 'nodata'",6,"1, 2, 3, 4, 5","2, 3","'bare_ground', 'vegtated_ground'",3,1,7,3,8,3,0.08589655958077,3,6,26911,2014,9,1,12,0,0,268740,269306,3808339,3808856,-119.515507470982,-119.509495177798,34.3906375166225,34.3954218994786,"""NAD83 / UTM zone 10N""",1,517,566,3
288,labels/chunk16_m_3612160_nw_10_1_20140613_multiband_ID3_label.jpg,images/chunk16_m_3612160_nw_10_1_20140613_multiband_ID3.jpg,npz/chunk16_m_3612160_nw_10_1_20140613_multiband_ID3.npz,"'water', 'surf', 'bare_ground', 'vegtated_ground', 'development', 'nodata'",6,"1, 2, 3, 4, 5",3,'vegtated_ground',3,1,7,3,8,3,0.010701469583048,3,6,26911,2014,6,5,12,0,0,281529,282855,3799866,3801156,-119.374349937279,-119.360275319101,34.3170708734419,34.3289732267672,"""NAD83 / UTM zone 10N""",1,1290,1326,3
315,labels/chunk2_m_3512113_ne_10_1_20100823_multiband_ID3_label.jpg,images/chunk2_m_3512113_ne_10_1_20100823_multiband_ID3.jpg,npz/chunk2_m_3512113_ne_10_1_20100823_multiband_ID3.npz,"'water', 'surf', 'bare_ground', 'vegtated_ground', 'development', 'nodata'",6,"1, 2, 3, 4, 5","0, 1, 2, 3, 4","'water', 'surf', 'bare_ground', 'vegtated_ground', 'development'",3,1,1,4,8,3,0.041346122634466,3,6,26918,2010,7,3,12,0,0,445062,445938,3970419,3971587,-75.6086065448795,-75.5989819248327,35.876476213576,35.8870552404194,"""NAD83 / UTM zone 10N""",1,1168,876,3
316,labels/chunk2_m_3512113_ne_10_1_20120520_multiband_ID3_label.jpg,images/chunk2_m_3512113_ne_10_1_20120520_multiband_ID3.jpg,npz/chunk2_m_3512113_ne_10_1_20120520_multiband_ID3.npz,"'water', 'surf', 'bare_ground', 'vegtated_ground', 'development', 'nodata'",6,"1, 2, 3, 4, 5","0, 1, 2, 3, 4","'water', 'surf', 'bare_ground', 'vegtated_ground', 'development'",3,1,1,4,8,3,0.045395526990619,3,6,26918,2015,6,17,12,0,0,558364,558954,4369271,4370092,-74.3214676989131,-74.3145362994064,39.4710471105389,39.4784040761941,"""NAD83 / UTM zone 10N""",1,821,590,3
317,labels/chunk2_m_3512113_ne_10_1_20140613_multiband_ID3_label.jpg,images/chunk2_m_3512113_ne_10_1_20140613_multiband_ID3.jpg,npz/chunk2_m_3512113_ne_10_1_20140613_multiband_ID3.npz,"'water', 'surf', 'bare_ground', 'vegtated_ground', 'development', 'nodata'",6,"1, 2, 3, 4, 5","0, 1, 2, 3, 4","'water', 'surf', 'bare_ground', 'vegtated_ground', 'development'",3,1,1,4,8,3,0.055730028889538,3,6,26918,2019,8,9,12,0,0,576887,577416,4475824,4476153,-74.0935601798892,-74.087284347144,40.4295024565652,40.432417021394,"""NAD83 / UTM zone 10N""",1,329,529,3
381,labels/chunk4_m_3512113_ne_10_1_20140613_multiband_ID3_label.jpg,images/chunk4_m_3512113_ne_10_1_20140613_multiband_ID3.jpg,npz/chunk4_m_3512113_ne_10_1_20140613_multiband_ID3.npz,"'water', 'surf', 'bare_ground', 'vegtated_ground', 'development', 'nodata'",6,"1, 2, 3, 4, 5",0,'water',3,1,7,3,8,3,0.004710780017528,3,6,26919,2018,8,17,12,0,0,416148.2,416631.2,4645144.2,4646270.2,-70.0117505813935,-70.0060831021031,41.9538226745524,41.9640138938469,"""NAD83 / UTM zone 19N""",1,1126,483,3
382,labels/chunk4_m_3512113_ne_10_h_20160625_multiband_ID3_label.jpg,images/chunk4_m_3512113_ne_10_h_20160625_multiband_ID3.jpg,npz/chunk4_m_3512113_ne_10_h_20160625_multiband_ID3.npz,"'water', 'surf', 'bare_ground', 'vegtated_ground', 'development', 'nodata'",6,"1, 2, 3, 4, 5","0, 1, 2, 3, 4, 5","'water', 'surf', 'bare_ground', 'vegtated_ground', 'development', 'nodata'",3,1,7,3,8,3,0.096577076638426,3,6,26919,2018,8,6,12,0,0,350747,351388,4737176.6,4737890.6,-70.8243993930637,-70.8167558696406,42.7725974500066,42.7791486318117,"""NAD83 / UTM zone 19N""",1,714,641,3
386,labels/chunk4_m_3612159_ne_10_060_20180804_20190208_multiband_ID3_label.jpg,images/chunk4_m_3612159_ne_10_060_20180804_20190208_multiband_ID3.jpg,npz/chunk4_m_3612159_ne_10_060_20180804_20190208_multiband_ID3.npz,"'water', 'surf', 'bare_ground', 'vegtated_ground', 'development', 'nodata'",6,"1, 2, 3, 4, 5",0,'water',3,1,7,3,8,3,0.009854180906812,3,6,26910,2015,8,11,12,0,0,461865,462113,5330874,5330984,-123.51251329325,-123.509190230816,48.129978772995,48.1309832157833,"""NAD83 / UTM zone 19N""",1,110,248,3
387,labels/chunk4_m_3612159_ne_10_1_20100823_multiband_ID3_label.jpg,images/chunk4_m_3612159_ne_10_1_20100823_multiband_ID3.jpg,npz/chunk4_m_3612159_ne_10_1_20100823_multiband_ID3.npz,"'water', 'surf', 'bare_ground', 'vegtated_ground', 'development', 'nodata'",6,"1, 2, 3, 4, 5",0,'water',3,1,7,3,8,3,0.008892971064023,3,6,26910,2015,8,11,12,0,0,461865,462100,5330820,5330984,-123.512508459279,-123.509364939865,48.1294929553669,48.1309824416215,"""NAD83 / UTM zone 19N""",1,164,235,3
388,labels/chunk4_m_3612159_ne_10_1_20120520_multiband_ID3_label.jpg,images/chunk4_m_3612159_ne_10_1_20120520_multiband_ID3.jpg,npz/chunk4_m_3612159_ne_10_1_20120520_multiband_ID3.npz,"'water', 'surf', 'bare_ground', 'vegtated_ground', 'development', 'nodata'",6,"1, 2, 3, 4, 5",0,'water',3,1,7,3,8,3,0.008408806106174,3,6,26910,2017,8,22,12,0,0,457409,457703,5332014,5332295,-123.572510535563,-123.56858669143,48.1399521716583,48.1424998107213,"""NAD83 / UTM zone 19N""",1,281,294,3
389,labels/chunk4_m_3612159_ne_10_h_20160710_multiband_ID3_label.jpg,images/chunk4_m_3612159_ne_10_h_20160710_multiband_ID3.jpg,npz/chunk4_m_3612159_ne_10_h_20160710_multiband_ID3.npz,"'water', 'surf', 'bare_ground', 'vegtated_ground', 'development', 'nodata'",6,"1, 2, 3, 4, 5",0,'water',3,1,7,3,8,3,0.010003702437912,3,6,26917,2015,6,13,12,0,0,645748,647009,3662247,3663973,-79.438300821854,-79.4245158669816,33.0890799442874,33.1044730006953,"""NAD83 / UTM zone 19N""",1,1726,1261,3
423,labels/chunk5_m_3512113_ne_10_1_20100823_multiband_ID3_label.jpg,images/chunk5_m_3512113_ne_10_1_20100823_multiband_ID3.jpg,npz/chunk5_m_3512113_ne_10_1_20100823_multiband_ID3.npz,"'water', 'surf', 'bare_ground', 'vegtated_ground', 'development', 'nodata'",6,"1, 2, 3, 4, 5","0, 1, 2, 3, 4","'water', 'surf', 'bare_ground', 'vegtated_ground', 'development'",3,1,7,3,8,3,0.078310769852495,3,6,26919,2016,7,6,12,0,0,350762,351393,4738036.6,4738589.6,-70.8244434284738,-70.8168787948725,42.7803411185647,42.785441229457,"""NAD83 / UTM zone 19N""",1,553,631,3
424,labels/chunk5_m_3512113_ne_10_1_20120520_multiband_ID3_label.jpg,images/chunk5_m_3512113_ne_10_1_20120520_multiband_ID3.jpg,npz/chunk5_m_3512113_ne_10_1_20120520_multiband_ID3.npz,"'water', 'surf', 'bare_ground', 'vegtated_ground', 'development', 'nodata'",6,"1, 2, 3, 4, 5","0, 1, 2, 3","'water', 'surf', 'bare_ground', 'vegtated_ground'",3,1,7,3,8,3,0.06039603960396,3,6,26919,2016,7,4,12,0,0,412962.6,413723.6,4649925.8,4651620.8,-70.0508894022549,-70.0419516054234,41.9965367652732,42.0118842680404,"""NAD83 / UTM zone 19N""",1,1695,761,3
425,labels/chunk5_m_3512113_ne_10_1_20140613_multiband_ID3_label.jpg,images/chunk5_m_3512113_ne_10_1_20140613_multiband_ID3.jpg,npz/chunk5_m_3512113_ne_10_1_20140613_multiband_ID3.npz,"'water', 'surf', 'bare_ground', 'vegtated_ground', 'development', 'nodata'",6,"1, 2, 3, 4, 5","0, 1, 2, 3","'water', 'surf', 'bare_ground', 'vegtated_ground'",3,1,7,3,8,3,0.043140028288543,3,6,26919,2018,9,24,12,0,0,388493.6,388709.6,4818209.8,4818579.8,-70.3794594200732,-70.3768637412614,43.5085017656085,43.5118645910093,"""NAD83 / UTM zone 19N""",1,370,216,3
426,labels/chunk5_m_3512113_nw_10_1_20120520_multiband_ID3_label.jpg,images/chunk5_m_3512113_nw_10_1_20120520_multiband_ID3.jpg,npz/chunk5_m_3512113_nw_10_1_20120520_multiband_ID3.npz,"'water', 'surf', 'bare_ground', 'vegtated_ground', 'development', 'nodata'",6,"1, 2, 3, 4, 5","0, 1, 2, 3","'water', 'surf', 'bare_ground', 'vegtated_ground'",3,1,7,3,8,3,0.069670640533441,3,6,26919,2018,9,24,12,0,0,389125,389531,4819641.2,4819828.2,-70.3719424304445,-70.3669580994914,43.5214807476934,43.5232242289574,"""NAD83 / UTM zone 19N""",1,187,406,3
461,labels/chunk6_m_3512113_ne_10_1_20100823_multiband_ID3_label.jpg,images/chunk6_m_3512113_ne_10_1_20100823_multiband_ID3.jpg,npz/chunk6_m_3512113_ne_10_1_20100823_multiband_ID3.npz,"'water', 'surf', 'bare_ground', 'vegtated_ground', 'development', 'nodata'",6,"1, 2, 3, 4, 5","0, 1, 2, 3, 4, 5","'water', 'surf', 'bare_ground', 'vegtated_ground', 'development', 'nodata'",3,1,1,5,8,3,0.097126692261062,3,6,26919,2018,9,8,12,0,0,387770.8,388169.8,4816396.2,4816635.2,-70.3880245840424,-70.3831403698199,43.4920681514618,43.4942793442409,"""NAD83 / UTM zone 10N""",1,239,399,3
462,labels/chunk6_m_3512113_ne_10_1_20140613_multiband_ID6_label.jpg,images/chunk6_m_3512113_ne_10_1_20140613_multiband_ID6.jpg,npz/chunk6_m_3512113_ne_10_1_20140613_multiband_ID6.npz,"'water', 'surf', 'bare_ground', 'vegtated_ground', 'development', 'nodata'",6,"1, 2, 3, 4, 5","0, 1, 2, 3, 4","'water', 'surf', 'bare_ground', 'vegtated_ground', 'development'",3,1,1,4,8,3,0.075481915538492,3,6,26919,2018,8,4,12,0,0,387770.8,387998.8,4816020.2,4816635.2,-70.3879470620731,-70.3852547276045,43.4886835239518,43.4942537438634,"""NAD83 / UTM zone 10N""",1,615,228,3
463,labels/chunk6_m_3512113_ne_10_h_20160625_multiband_ID3_label.jpg,images/chunk6_m_3512113_ne_10_h_20160625_multiband_ID3.jpg,npz/chunk6_m_3512113_ne_10_h_20160625_multiband_ID3.npz,"'water', 'surf', 'bare_ground', 'vegtated_ground', 'development', 'nodata'",6,"1, 2, 3, 4, 5","0, 1, 2, 3, 4","'water', 'surf', 'bare_ground', 'vegtated_ground', 'development'",3,1,1,4,8,3,0.065613255203071,3,6,26919,2014,6,13,12,0,0,387770.8,387998.8,4816020.2,4816635.2,-70.3879470620731,-70.3852547276045,43.4886835239518,43.4942537438634,"""NAD83 / UTM zone 10N""",1,615,228,3
464,labels/chunk6_m_3512113_nw_10_1_20140613_multiband_ID6_label.jpg,images/chunk6_m_3512113_nw_10_1_20140613_multiband_ID6.jpg,npz/chunk6_m_3512113_nw_10_1_20140613_multiband_ID6.npz,"'water', 'surf', 'bare_ground', 'vegtated_ground', 'development', 'nodata'",6,"1, 2, 3, 4, 5","0, 1, 2, 3, 4, 5","'water', 'surf', 'bare_ground', 'vegtated_ground', 'development', 'nodata'",3,1,1,4,8,3,0.044158415841584,3,6,26919,2016,7,10,12,0,0,387770.8,387998.8,4816020.2,4816635.2,-70.3879470620731,-70.3852547276045,43.4886835239518,43.4942537438634,"""NAD83 / UTM zone 10N""",1,615,228,3
468,labels/chunk6_m_3612159_ne_10_060_20180804_20190208_multiband_ID3_label.jpg,images/chunk6_m_3612159_ne_10_060_20180804_20190208_multiband_ID3.jpg,npz/chunk6_m_3612159_ne_10_060_20180804_20190208_multiband_ID3.npz,"'water', 'surf', 'bare_ground', 'vegtated_ground', 'development', 'nodata'",6,"1, 2, 3, 4, 5",0,'water',3,1,1,5,8,3,0.008393952360576,3,6,26910,2014,6,13,12,0,0,426683,426911,5105393,5106008,-123.948533365887,-123.945678663099,46.0981768173525,46.1037356143765,"""NAD83 / UTM zone 19N""",1,615,228,3
469,labels/chunk6_m_3612159_ne_10_1_20140613_multiband_ID3_label.jpg,images/chunk6_m_3612159_ne_10_1_20140613_multiband_ID3.jpg,npz/chunk6_m_3612159_ne_10_1_20140613_multiband_ID3.npz,"'water', 'surf', 'bare_ground', 'vegtated_ground', 'development', 'nodata'",6,"1, 2, 3, 4, 5",0,'water',3,1,1,4,8,3,0.006126087576665,3,6,26910,2016,7,10,12,0,0,426683,426911,5105393,5106008,-123.948533365887,-123.945678663099,46.0981768173525,46.1037356143765,"""NAD83 / UTM zone 19N""",1,615,228,3
470,labels/chunk6_m_3612159_ne_10_h_20160710_multiband_ID3_label.jpg,images/chunk6_m_3612159_ne_10_h_20160710_multiband_ID3.jpg,npz/chunk6_m_3612159_ne_10_h_20160710_multiband_ID3.npz,"'water', 'surf', 'bare_ground', 'vegtated_ground', 'development', 'nodata'",6,"1, 2, 3, 4, 5",0,'water',3,1,1,4,8,3,0.007395521323634,3,6,26910,2010,6,11,12,0,0,542951,543086,4179068,4179427,-122.512393783671,-122.510839925124,37.7579181323098,37.7611474270272,"""NAD83 / UTM zone 19N""",1,359,135,3
471,labels/chunk6_m_3612160_nw_10_060_20180804_20190208_multiband_ID3_label.jpg,images/chunk6_m_3612160_nw_10_060_20180804_20190208_multiband_ID3.jpg,npz/chunk6_m_3612160_nw_10_060_20180804_20190208_multiband_ID3.npz,"'water', 'surf', 'bare_ground', 'vegtated_ground', 'development', 'nodata'",6,"1, 2, 3, 4, 5",0,'water',3,1,1,5,8,3,0.012501782912565,3,6,26910,2010,6,11,12,0,0,542951,543086,4179068,4179427,-122.512393783671,-122.510839925124,37.7579181323098,37.7611474270272,"""NAD83 / UTM zone 10N""",1,359,135,3
472,labels/chunk6_m_3612160_nw_10_1_20100823_multiband_ID3_label.jpg,images/chunk6_m_3612160_nw_10_1_20100823_multiband_ID3.jpg,npz/chunk6_m_3612160_nw_10_1_20100823_multiband_ID3.npz,"'water', 'surf', 'bare_ground', 'vegtated_ground', 'development', 'nodata'",6,"1, 2, 3, 4, 5","0, 1, 2","'water', 'surf', 'bare_ground'",3,1,1,5,8,3,0.054935101982598,3,6,26910,2014,6,13,12,0,0,558725,559157,4107950,4108508,-122.338989196204,-122.334082834414,37.1160435302164,37.1210459316906,"""NAD83 / UTM zone 10N""",1,558,432,3
473,labels/chunk6_m_3612160_nw_10_1_20120520_multiband_ID3_label.jpg,images/chunk6_m_3612160_nw_10_1_20120520_multiband_ID3.jpg,npz/chunk6_m_3612160_nw_10_1_20120520_multiband_ID3.npz,"'water', 'surf', 'bare_ground', 'vegtated_ground', 'development', 'nodata'",6,"1, 2, 3, 4, 5",0,'water',3,1,1,5,8,3,0.006447011838539,3,6,26918,2018,8,15,12,0,0,487058,487949,4231037,4232402,-75.1478650450471,-75.1377084096223,38.2272256485864,38.2395401137087,"""NAD83 / UTM zone 10N""",1,1365,891,3
474,labels/chunk6_m_3612160_nw_10_1_20140613_multiband_ID3_label.jpg,images/chunk6_m_3612160_nw_10_1_20140613_multiband_ID3.jpg,npz/chunk6_m_3612160_nw_10_1_20140613_multiband_ID3.npz,"'water', 'surf', 'bare_ground', 'vegtated_ground', 'development', 'nodata'",6,"1, 2, 3, 4, 5",0,'water',3,1,1,4,8,3,0.010241049778918,3,6,26918,2015,5,7,12,0,0,685803,687041,4513421,4514246,-72.7990807917362,-72.7841798674443,40.7507709372552,40.7579169682497,"""NAD83 / UTM zone 10N""",1,825,1238,3
475,labels/chunk6_m_3612160_nw_10_h_20160710_multiband_ID3_label.jpg,images/chunk6_m_3612160_nw_10_h_20160710_multiband_ID3.jpg,npz/chunk6_m_3612160_nw_10_h_20160710_multiband_ID3.npz,"'water', 'surf', 'bare_ground', 'vegtated_ground', 'development', 'nodata'",6,"1, 2, 3, 4, 5",0,'water',3,1,1,5,8,3,0.011581800028526,3,6,26918,2013,6,21,12,0,0,683120,684384,4512346,4513070,-72.8311548358146,-72.8159812364697,40.7416951605623,40.7479304505485,"""NAD83 / UTM zone 10N""",1,724,1264,3
511,labels/chunk7_m_3411933_se_11_060_20180722_20190208_multiband_ID3_label.jpg,images/chunk7_m_3411933_se_11_060_20180722_20190208_multiband_ID3.jpg,npz/chunk7_m_3411933_se_11_060_20180722_20190208_multiband_ID3.npz,"'water', 'surf', 'bare_ground', 'vegetated_ground', 'development', 'no_data'",6,"1, 2, 3, 4, 5","0, 1, 2, 3, 4","'water', 'surf', 'bare_ground', 'vegetated_ground', 'development'",3,1,1,2,2,0.9,0.16084829493198,3,6,26911,2018,7,22,12,0,0,235119,235750,3811408,3811937,-119.881783052705,-119.875088864481,34.4102184572499,34.4151446061768,"""NAD83 / UTM zone 11N""",1,529,631,3
512,labels/chunk7_m_3411933_se_11_1_20140601_multiband_ID3_label.jpg,images/chunk7_m_3411933_se_11_1_20140601_multiband_ID3.jpg,npz/chunk7_m_3411933_se_11_1_20140601_multiband_ID3.npz,"'water', 'surf', 'bare_ground', 'vegetated_ground', 'development', 'no_data'",6,"1, 2, 3, 4, 5","0, 1, 2, 3, 4","'water', 'surf', 'bare_ground', 'vegetated_ground', 'development'",3,1,1,2,2,0.9,0.170159287475396,3,6,26911,2014,6,1,12,0,0,235119,235750,3811408,3811937,-119.881783052705,-119.875088864481,34.4102184572499,34.4151446061768,"""NAD83 / UTM zone 11N""",1,529,631,3
513,labels/chunk7_m_3411933_se_11_h_20160713_multiband_ID3_label.jpg,images/chunk7_m_3411933_se_11_h_20160713_multiband_ID3.jpg,npz/chunk7_m_3411933_se_11_h_20160713_multiband_ID3.npz,"'water', 'surf', 'bare_ground', 'vegetated_ground', 'development', 'no_data'",6,"1, 2, 3, 4, 5","0, 1, 2, 3, 4","'water', 'surf', 'bare_ground', 'vegetated_ground', 'development'",3,1,1,2,2,0.9,0.180324087250111,3,6,26911,2016,7,13,12,0,0,235119,235750,3811408,3811937,-119.881783052705,-119.875088864481,34.4102184572499,34.4151446061768,"""NAD83 / UTM zone 11N""",1,529,631,3
514,labels/chunk7_m_3411936_se_11_060_20180724_20190209_multiband_ID3_label.jpg,images/chunk7_m_3411936_se_11_060_20180724_20190209_multiband_ID3.jpg,npz/chunk7_m_3411936_se_11_060_20180724_20190209_multiband_ID3.npz,"'water', 'surf', 'bare_ground', 'vegetated_ground', 'development', 'no_data'",6,"1, 2, 3, 4, 5","0, 1, 2, 3, 4","'water', 'surf', 'bare_ground', 'vegetated_ground', 'development'",2,1,1,2,2,0.9,0.276101016322759,3,6,26911,2018,7,24,12,0,0,269187,269663,3807724,3808106,-119.51048387636,-119.505413525136,34.3851964110731,34.3887442001537,"""NAD83 / UTM zone 11N""",1,382,476,3
516,labels/chunk7_m_3411936_se_11_1_20140901_multiband_ID3_label.jpg,images/chunk7_m_3411936_se_11_1_20140901_multiband_ID3.jpg,npz/chunk7_m_3411936_se_11_1_20140901_multiband_ID3.npz,"'water', 'surf', 'bare_ground', 'vegetated_ground', 'development', 'no_data'",6,"1, 2, 3, 4, 5","0, 1, 2, 3, 4","'water', 'surf', 'bare_ground', 'vegetated_ground', 'development'",3,1,1,2,2,0.9,0.342530467684456,3,6,26911,2014,9,1,12,0,0,269187,269663,3807724,3808106,-119.51048387636,-119.505413525136,34.3851964110731,34.3887442001537,"""NAD83 / UTM zone 11N""",1,382,476,3
517,labels/chunk7_m_3411945_nw_11_1_20120505_multiband_ID3_label.jpg,images/chunk7_m_3411945_nw_11_1_20120505_multiband_ID3.jpg,npz/chunk7_m_3411945_nw_11_1_20120505_multiband_ID3.npz,"'water', 'surf', 'bare_ground', 'vegetated_ground', 'development', 'no_data'",6,"1, 2, 3, 4, 5","0, 1, 2, 3, 4","'water', 'surf', 'bare_ground', 'vegetated_ground', 'development'",4,1,1,2,2,0.9,0.196802082364971,3,6,26911,2012,5,5,12,0,0,274661,275405,3804809,3805503,-119.450228044034,-119.442326160853,34.3601387404076,34.3665534265404,"""NAD83 / UTM zone 11N""",1,694,744,3
520,labels/chunk7_m_3411946_se_11_1_20140816_multiband_ID3_label.jpg,images/chunk7_m_3411946_se_11_1_20140816_multiband_ID3.jpg,npz/chunk7_m_3411946_se_11_1_20140816_multiband_ID3.npz,"'water', 'surf', 'bare_ground', 'vegetated_ground', 'development', 'no_data'",6,"1, 2, 3, 4, 5","0, 1, 2, 3, 4","'water', 'surf', 'bare_ground', 'vegetated_ground', 'development'",2,1,1,2,2,0.9,0.150618317660698,3,6,26911,2014,8,16,12,0,0,287357,288466,3794796,3795608,-119.309805599968,-119.297966984561,34.2725956969043,34.2801392252433,"""NAD83 / UTM zone 11N""",1,812,1109,3
521,labels/chunk7_m_3411964_nw_11_060_20180724_20190208_multiband_ID3_label.jpg,images/chunk7_m_3411964_nw_11_060_20180724_20190208_multiband_ID3.jpg,npz/chunk7_m_3411964_nw_11_060_20180724_20190208_multiband_ID3.npz,"'water', 'surf', 'bare_ground', 'vegetated_ground', 'development', 'no_data'",6,"1, 2, 3, 4, 5","0, 1, 2, 3, 4","'water', 'surf', 'bare_ground', 'vegetated_ground', 'development'",2,1,1,2,2,0.9,0.207055238153432,3,6,26911,2018,7,24,12,0,0,308372,308940,3774227,3774688,-119.077122301655,-119.071070324795,34.091302938145,34.0955617892241,"""NAD83 / UTM zone 11N""",1,461,568,3
522,labels/chunk7_m_3411964_nw_11_1_20140901_multiband_ID3_label.jpg,images/chunk7_m_3411964_nw_11_1_20140901_multiband_ID3.jpg,npz/chunk7_m_3411964_nw_11_1_20140901_multiband_ID3.npz,"'water', 'surf', 'bare_ground', 'vegetated_ground', 'development', 'no_data'",6,"1, 2, 3, 4, 5","0, 1, 2, 3, 4","'water', 'surf', 'bare_ground', 'vegetated_ground', 'development'",2,1,1,2,2,0.9,0.180875928019308,3,6,26911,2014,9,1,12,0,0,308372,308940,3774227,3774688,-119.077122301655,-119.071070324795,34.091302938145,34.0955617892241,"""NAD83 / UTM zone 11N""",1,461,568,3
525,labels/chunk7_m_3512113_ne_10_1_20120520_multiband_ID3_label.jpg,images/chunk7_m_3512113_ne_10_1_20120520_multiband_ID3.jpg,npz/chunk7_m_3512113_ne_10_1_20120520_multiband_ID3.npz,"'water', 'surf', 'bare_ground', 'vegtated_ground', 'development', 'nodata'",6,"1, 2, 3, 4, 5","0, 1, 2, 3, 4","'water', 'surf', 'bare_ground', 'vegtated_ground', 'development'",3,1,1,4,8,3,0.101438674479692,3,6,26910,2012,5,20,12,0,0,641581,642086,3969817,3970307,-121.431887844735,-121.426209165176,35.8623551386792,35.8666982551066,"""NAD83 / UTM zone 10N""",1,490,505,3
528,labels/chunk7_m_3612159_ne_10_1_20100823_multiband_ID3_label.jpg,images/chunk7_m_3612159_ne_10_1_20100823_multiband_ID3.jpg,npz/chunk7_m_3612159_ne_10_1_20100823_multiband_ID3.npz,"'water', 'surf', 'bare_ground', 'vegtated_ground', 'development', 'nodata'",6,"1, 2, 3, 4, 5","0, 1, 2, 3, 4, 5","'water', 'surf', 'bare_ground', 'vegtated_ground', 'development', 'nodata'",3,1,1,5,8,3,0.102408604611247,3,6,26919,2010,8,23,12,0,0,387964.8,388191.8,4816016.2,4816632.2,-70.3855477167402,-70.3828677306491,43.4886766114791,43.4942556299723,"""NAD83 / UTM zone 19N""",1,616,227,3
529,labels/chunk7_m_3612159_ne_10_1_20120520_multiband_ID3_label.jpg,images/chunk7_m_3612159_ne_10_1_20120520_multiband_ID3.jpg,npz/chunk7_m_3612159_ne_10_1_20120520_multiband_ID3.npz,"'water', 'surf', 'bare_ground', 'vegtated_ground', 'development', 'nodata'",6,"1, 2, 3, 4, 5",0,'water',3,1,1,4,8,3,0.030243434979117,3,6,26919,2012,5,20,12,0,0,387964.8,388191.8,4816016.2,4816632.2,-70.3855477167402,-70.3828677306491,43.4886766114791,43.4942556299723,"""NAD83 / UTM zone 19N""",1,616,227,3
530,labels/chunk7_m_3612159_ne_10_1_20140613_multiband_ID3_label.jpg,images/chunk7_m_3612159_ne_10_1_20140613_multiband_ID3.jpg,npz/chunk7_m_3612159_ne_10_1_20140613_multiband_ID3.npz,"'water', 'surf', 'bare_ground', 'vegtated_ground', 'development', 'nodata'",6,"1, 2, 3, 4, 5","0, 1, 2, 3, 4, 5","'water', 'surf', 'bare_ground', 'vegtated_ground', 'development', 'nodata'",3,1,1,5,8,3,0.131250357571943,3,6,26919,2014,6,13,12,0,0,387964.8,388191.8,4816016.2,4816632.2,-70.3855477167402,-70.3828677306491,43.4886766114791,43.4942556299723,"""NAD83 / UTM zone 19N""",1,616,227,3
531,labels/chunk7_m_3612160_nw_10_060_20180804_20190208_multiband_ID3_label.jpg,images/chunk7_m_3612160_nw_10_060_20180804_20190208_multiband_ID3.jpg,npz/chunk7_m_3612160_nw_10_060_20180804_20190208_multiband_ID3.npz,"'water', 'surf', 'bare_ground', 'vegtated_ground', 'development', 'nodata'",6,"1, 2, 3, 4, 5","0, 1, 2, 3","'water', 'surf', 'bare_ground', 'vegtated_ground'",3,1,1,5,8,3,0.0874835516906,3,6,26910,2018,8,4,12,0,0,624014,624241,3994870,3995486,-121.622482322652,-121.619864430366,36.0905489802092,36.0960720912778,"""NAD83 / UTM zone 10N""",1,616,227,3
532,labels/chunk7_m_3612160_nw_10_1_20100823_multiband_ID3_label.jpg,images/chunk7_m_3612160_nw_10_1_20100823_multiband_ID3.jpg,npz/chunk7_m_3612160_nw_10_1_20100823_multiband_ID3.npz,"'water', 'surf', 'bare_ground', 'vegtated_ground', 'development', 'nodata'",6,"1, 2, 3, 4, 5","0, 1, 2, 3","'water', 'surf', 'bare_ground', 'vegtated_ground'",3,1,1,5,8,3,0.119757995308656,3,6,26910,2010,8,23,12,0,0,624014,624241,3994870,3995486,-121.622482322652,-121.619864430366,36.0905489802092,36.0960720912778,"""NAD83 / UTM zone 10N""",1,616,227,3
533,labels/chunk7_m_3612160_nw_10_1_20120520_multiband_ID3_label.jpg,images/chunk7_m_3612160_nw_10_1_20120520_multiband_ID3.jpg,npz/chunk7_m_3612160_nw_10_1_20120520_multiband_ID3.npz,"'water', 'surf', 'bare_ground', 'vegtated_ground', 'development', 'nodata'",6,"1, 2, 3, 4, 5","0, 1, 2, 3","'water', 'surf', 'bare_ground', 'vegtated_ground'",3,1,1,5,8,3,0.07086360775788,3,6,26910,2012,5,20,12,0,0,624014,624241,3994870,3995486,-121.622482322652,-121.619864430366,36.0905489802092,36.0960720912778,"""NAD83 / UTM zone 10N""",1,616,227,3
534,labels/chunk7_m_3612160_nw_10_1_20140613_multiband_ID3_label.jpg,images/chunk7_m_3612160_nw_10_1_20140613_multiband_ID3.jpg,npz/chunk7_m_3612160_nw_10_1_20140613_multiband_ID3.npz,"'water', 'surf', 'bare_ground', 'vegtated_ground', 'development', 'nodata'",6,"1, 2, 3, 4, 5","0, 1, 2, 3","'water', 'surf', 'bare_ground', 'vegtated_ground'",3,1,1,5,8,3,0.1148235024887,3,6,26910,2014,6,13,12,0,0,624014,624241,3994870,3995486,-121.622482322652,-121.619864430366,36.0905489802092,36.0960720912778,"""NAD83 / UTM zone 10N""",1,616,227,3
537,labels/chunk7_m_3612160_nw_10_h_20160710_multiband_ID3_label.jpg,images/chunk7_m_3612160_nw_10_h_20160710_multiband_ID3.jpg,npz/chunk7_m_3612160_nw_10_h_20160710_multiband_ID3.npz,"'water', 'surf', 'bare_ground', 'vegtated_ground', 'development', 'nodata'",6,"1, 2, 3, 4, 5","0, 1, 2, 3","'water', 'surf', 'bare_ground', 'vegtated_ground'",3,1,1,5,8,3,0.09721665999199,3,6,26910,2016,7,10,12,0,0,624014,624241,3994870,3995486,-121.622482322652,-121.619864430366,36.0905489802092,36.0960720912778,"""NAD83 / UTM zone 10N""",1,616,227,3
558,labels/chunk8_m_3411955_sw_11_1_20140901_multiband_ID3_label.jpg,images/chunk8_m_3411955_sw_11_1_20140901_multiband_ID3.jpg,npz/chunk8_m_3411955_sw_11_1_20140901_multiband_ID3.npz,"'water', 'surf', 'bare_ground', 'vegetated_ground', 'development', 'no_data'",6,"1, 2, 3, 4, 5","0, 1, 2, 3, 4","'water', 'surf', 'bare_ground', 'vegetated_ground', 'development'",3,1,1,2,2,0.9,0.095499755746601,3,6,26911,2016,7,19,12,0,0,308930,309453,3774118,3774677,-119.07105348724,-119.065510227248,34.0904226242671,34.0955562514292,"""NAD83 / UTM zone 11N""",1,559,523,3
561,labels/chunk8_m_3512113_ne_10_1_20100823_multiband_ID3_label.jpg,images/chunk8_m_3512113_ne_10_1_20100823_multiband_ID3.jpg,npz/chunk8_m_3512113_ne_10_1_20100823_multiband_ID3.npz,"'water', 'surf', 'bare_ground', 'vegtated_ground', 'development', 'nodata'",6,"1, 2, 3, 4, 5","0, 1, 2, 3, 4","'water', 'surf', 'bare_ground', 'vegtated_ground', 'development'",3,1,1,5,8,3,0.096156799353404,3,6,26910,2012,5,20,12,0,0,642077,642582,3969825,3970315,-121.426394715936,-121.420715746386,35.8623554211897,35.8666982702919,"""NAD83 / UTM zone 10N""",1,490,505,3
562,labels/chunk8_m_3512113_ne_10_1_20120520_multiband_ID3_label.jpg,images/chunk8_m_3512113_ne_10_1_20120520_multiband_ID3.jpg,npz/chunk8_m_3512113_ne_10_1_20120520_multiband_ID3.npz,"'water', 'surf', 'bare_ground', 'vegtated_ground', 'development', 'nodata'",6,"1, 2, 3, 4, 5",3,'vegtated_ground',3,1,1,5,8,3,0.006276015356637,3,6,26910,2014,6,13,12,0,0,607448,607672,4069759,4070392,-121.796075163697,-121.793476410388,36.7675210792552,36.7732007434582,"""NAD83 / UTM zone 10N""",1,633,224,3
566,labels/chunk8_m_3612160_nw_10_1_20120520_multiband_ID3_label.jpg,images/chunk8_m_3612160_nw_10_1_20120520_multiband_ID3.jpg,npz/chunk8_m_3612160_nw_10_1_20120520_multiband_ID3.npz,"'water', 'surf', 'bare_ground', 'vegtated_ground', 'development', 'nodata'",6,"1, 2, 3, 4, 5","0, 1, 2, 3, 4","'water', 'surf', 'bare_ground', 'vegtated_ground', 'development'",3,1,1,4,8,3,0.101923843700159,3,6,26919,2016,7,10,12,0,0,386978,387206,4620937.4,4621553.4,-70.3590118403464,-70.3563877555463,41.7322151499428,41.7377943446254,"""NAD83 / UTM zone 19N""",1,616,228,3
567,labels/chunk8_m_3612160_nw_10_h_20160710_multiband_ID3_label.jpg,images/chunk8_m_3612160_nw_10_h_20160710_multiband_ID3.jpg,npz/chunk8_m_3612160_nw_10_h_20160710_multiband_ID3.npz,"'water', 'surf', 'bare_ground', 'vegtated_ground', 'development', 'nodata'",6,"1, 2, 3, 4, 5","0, 1, 2, 3, 4","'water', 'surf', 'bare_ground', 'vegtated_ground', 'development'",3,1,1,5,8,3,0.117053998632946,3,6,26910,2016,6,25,12,0,0,543216,543355,4179066,4179429,-122.509385560419,-122.507785922404,37.757887621376,37.7611527376176,"""NAD83 / UTM zone 19N""",1,363,139,3
583,labels/chunk9_m_3411936_se_11_1_20120505_multiband_ID3_label.jpg,images/chunk9_m_3411936_se_11_1_20120505_multiband_ID3.jpg,npz/chunk9_m_3411936_se_11_1_20120505_multiband_ID3.npz,"'water', 'surf', 'bare_ground', 'vegetated_ground', 'development', 'no_data'",6,"1, 2, 3, 4, 5","0, 1, 2, 3, 4","'water', 'surf', 'bare_ground', 'vegetated_ground', 'development'",4,1,1,2,2,0.9,0.306156232126358,3,6,26911,2012,5,5,12,0,0,268265,268741,3808117,3808499,-119.520609842976,-119.515539754107,34.3885310829328,34.3920792804308,"""NAD83 / UTM zone 11N""",1,382,476,3
587,labels/chunk9_m_3512113_ne_10_1_20100823_multiband_ID3_label.jpg,images/chunk9_m_3512113_ne_10_1_20100823_multiband_ID3.jpg,npz/chunk9_m_3512113_ne_10_1_20100823_multiband_ID3.npz,"'water', 'surf', 'bare_ground', 'vegtated_ground', 'development', 'nodata'",6,"1, 2, 3, 4, 5","0, 1, 2, 3, 4, 5","'water', 'surf', 'bare_ground', 'vegtated_ground', 'development', 'nodata'",3,1,1,4,8,3,0.084532993176618,3,6,26919,2010,8,23,12,0,0,351681.2,352186.2,4733698.8,4734187.8,-70.8120731386326,-70.8060341307903,42.7414752295448,42.7459741597163,"""NAD83 / UTM zone 19N""",1,489,505,3
588,labels/chunk9_m_3512113_ne_10_1_20120520_multiband_ID3_label.jpg,images/chunk9_m_3512113_ne_10_1_20120520_multiband_ID3.jpg,npz/chunk9_m_3512113_ne_10_1_20120520_multiband_ID3.npz,"'water', 'surf', 'bare_ground', 'vegtated_ground', 'development', 'nodata'",6,"1, 2, 3, 4, 5","0, 1, 2, 3, 4","'water', 'surf', 'bare_ground', 'vegtated_ground', 'development'",3,1,1,4,8,3,0.045516208062524,3,6,26919,2012,5,20,12,0,0,351681.2,352186.2,4733698.8,4734187.8,-70.8120731386326,-70.8060341307903,42.7414752295448,42.7459741597163,"""NAD83 / UTM zone 19N""",1,489,505,3
589,labels/chunk9_m_3512113_ne_10_h_20160625_multiband_ID3_label.jpg,images/chunk9_m_3512113_ne_10_h_20160625_multiband_ID3.jpg,npz/chunk9_m_3512113_ne_10_h_20160625_multiband_ID3.npz,"'water', 'surf', 'bare_ground', 'vegtated_ground', 'development', 'nodata'",6,"1, 2, 3, 4, 5","1, 2, 3, 4, 5","'surf', 'bare_ground', 'vegtated_ground', 'development', 'nodata'",3,1,1,5,8,3,0.113251938690801,3,6,26919,2016,6,25,12,0,0,351681.2,352186.2,4733698.8,4734187.8,-70.8120731386326,-70.8060341307903,42.7414752295448,42.7459741597163,"""NAD83 / UTM zone 19N""",1,489,505,3
590,labels/chunk9_m_3512113_nw_10_1_20100823_multiband_ID3_label.jpg,images/chunk9_m_3512113_nw_10_1_20100823_multiband_ID3.jpg,npz/chunk9_m_3512113_nw_10_1_20100823_multiband_ID3.npz,"'water', 'surf', 'bare_ground', 'vegtated_ground', 'development', 'nodata'",6,"1, 2, 3, 4, 5","0, 1, 2, 3, 4","'water', 'surf', 'bare_ground', 'vegtated_ground', 'development'",3,1,1,5,8,3,0.1384316345745,3,6,26910,2010,8,23,12,0,0,640581,641086,3970282,3970771,-121.44287789005,-121.437199649503,35.8666901293012,35.8710247569194,"""NAD83 / UTM zone 10N""",1,489,505,3
591,labels/chunk9_m_3512113_nw_10_1_20120520_multiband_ID3_label.jpg,images/chunk9_m_3512113_nw_10_1_20120520_multiband_ID3.jpg,npz/chunk9_m_3512113_nw_10_1_20120520_multiband_ID3.npz,"'water', 'surf', 'bare_ground', 'vegtated_ground', 'development', 'nodata'",6,"1, 2, 3, 4, 5","0, 1, 2, 3, 4","'water', 'surf', 'bare_ground', 'vegtated_ground', 'development'",3,1,1,5,8,3,0.099953430925914,3,6,26910,2012,5,20,12,0,0,640581,641086,3970282,3970771,-121.44287789005,-121.437199649503,35.8666901293012,35.8710247569194,"""NAD83 / UTM zone 10N""",1,489,505,3
592,labels/chunk9_m_3512113_nw_10_1_20140613_multiband_ID3_label.jpg,images/chunk9_m_3512113_nw_10_1_20140613_multiband_ID3.jpg,npz/chunk9_m_3512113_nw_10_1_20140613_multiband_ID3.npz,"'water', 'surf', 'bare_ground', 'vegtated_ground', 'development', 'nodata'",6,"1, 2, 3, 4, 5","0, 1, 2, 3, 4","'water', 'surf', 'bare_ground', 'vegtated_ground', 'development'",3,1,1,4,8,3,0.062665775780031,3,6,26910,2014,6,13,12,0,0,640581,641086,3970282,3970771,-121.44287789005,-121.437199649503,35.8666901293012,35.8710247569194,"""NAD83 / UTM zone 10N""",1,489,505,3
